"","gene","gene_ID_robin","cluster"
"1","BBA_00005","Beaba1|5",1
"2","BBA_00007","Beaba1|7",2
"3","BBA_00032","Beaba1|32",3
"4","BBA_00037","Beaba1|37",3
"5","BBA_00041","Beaba1|41",1
"6","BBA_00049","Beaba1|49",2
"7","BBA_00050","Beaba1|50",1
"8","BBA_00054","Beaba1|54",3
"9","BBA_00055","Beaba1|55",3
"10","BBA_00064","Beaba1|64",3
"11","BBA_00071","Beaba1|71",1
"12","BBA_00091","Beaba1|91",2
"13","BBA_00097","Beaba1|97",3
"14","BBA_00118","Beaba1|118",3
"15","BBA_00125","Beaba1|125",1
"16","BBA_00129","Beaba1|129",4
"17","BBA_00130","Beaba1|130",2
"18","BBA_00135","Beaba1|135",2
"19","BBA_00138","Beaba1|138",2
"20","BBA_00144","Beaba1|144",2
"21","BBA_00146","Beaba1|146",1
"22","BBA_00154","Beaba1|154",2
"23","BBA_00159","Beaba1|159",1
"24","BBA_00162","Beaba1|162",2
"25","BBA_00165","Beaba1|165",1
"26","BBA_00167","Beaba1|167",1
"27","BBA_00168","Beaba1|168",1
"28","BBA_00171","Beaba1|171",1
"29","BBA_00172","Beaba1|172",3
"30","BBA_00175","Beaba1|175",4
"31","BBA_00178","Beaba1|178",1
"32","BBA_00191","Beaba1|191",2
"33","BBA_00209","Beaba1|209",1
"34","BBA_00211","Beaba1|211",4
"35","BBA_00221","Beaba1|221",2
"36","BBA_00228","Beaba1|228",2
"37","BBA_00234","Beaba1|234",1
"38","BBA_00237","Beaba1|237",1
"39","BBA_00238","Beaba1|238",1
"40","BBA_00244","Beaba1|244",3
"41","BBA_00249","Beaba1|249",1
"42","BBA_00250","Beaba1|250",3
"43","BBA_00259","Beaba1|259",1
"44","BBA_00261","Beaba1|261",2
"45","BBA_00263","Beaba1|263",4
"46","BBA_00269","Beaba1|269",2
"47","BBA_00270","Beaba1|270",2
"48","BBA_00272","Beaba1|272",4
"49","BBA_00277","Beaba1|277",1
"50","BBA_00289","Beaba1|289",1
"51","BBA_00293","Beaba1|293",2
"52","BBA_00301","Beaba1|301",4
"53","BBA_00308","Beaba1|308",4
"54","BBA_00312","Beaba1|312",2
"55","BBA_00313","Beaba1|313",2
"56","BBA_00317","Beaba1|317",2
"57","BBA_00320","Beaba1|320",1
"58","BBA_00328","Beaba1|328",1
"59","BBA_00329","Beaba1|329",1
"60","BBA_00330","Beaba1|330",3
"61","BBA_00337","Beaba1|337",4
"62","BBA_00340","Beaba1|340",2
"63","BBA_00346","Beaba1|346",4
"64","BBA_00350","Beaba1|350",2
"65","BBA_00379","Beaba1|379",4
"66","BBA_00381","Beaba1|381",1
"67","BBA_00383","Beaba1|383",2
"68","BBA_00384","Beaba1|384",4
"69","BBA_00387","Beaba1|387",3
"70","BBA_00390","Beaba1|390",1
"71","BBA_00393","Beaba1|393",3
"72","BBA_00407","Beaba1|407",3
"73","BBA_00412","Beaba1|412",2
"74","BBA_00418","Beaba1|418",1
"75","BBA_00441","Beaba1|441",1
"76","BBA_00442","Beaba1|442",1
"77","BBA_00443","Beaba1|443",1
"78","BBA_00446","Beaba1|446",3
"79","BBA_00450","Beaba1|450",1
"80","BBA_00451","Beaba1|451",1
"81","BBA_00452","Beaba1|452",2
"82","BBA_00455","Beaba1|455",1
"83","BBA_00468","Beaba1|468",2
"84","BBA_00472","Beaba1|472",4
"85","BBA_00473","Beaba1|473",1
"86","BBA_00476","Beaba1|476",1
"87","BBA_00477","Beaba1|477",3
"88","BBA_00482","Beaba1|482",2
"89","BBA_00489","Beaba1|489",2
"90","BBA_00492","Beaba1|492",2
"91","BBA_00494","Beaba1|494",2
"92","BBA_00497","Beaba1|497",1
"93","BBA_00503","Beaba1|503",2
"94","BBA_00516","Beaba1|516",3
"95","BBA_00527","Beaba1|527",2
"96","BBA_00539","Beaba1|539",3
"97","BBA_00545","Beaba1|545",2
"98","BBA_00547","Beaba1|547",2
"99","BBA_00548","Beaba1|548",1
"100","BBA_00549","Beaba1|549",1
"101","BBA_00556","Beaba1|556",3
"102","BBA_00560","Beaba1|560",2
"103","BBA_00561","Beaba1|561",1
"104","BBA_00565","Beaba1|565",1
"105","BBA_00567","Beaba1|567",2
"106","BBA_00568","Beaba1|568",1
"107","BBA_00577","Beaba1|577",1
"108","BBA_00586","Beaba1|586",1
"109","BBA_00590","Beaba1|590",2
"110","BBA_00601","Beaba1|601",3
"111","BBA_00602","Beaba1|602",1
"112","BBA_00604","Beaba1|604",2
"113","BBA_00607","Beaba1|607",2
"114","BBA_00629","Beaba1|629",2
"115","BBA_00639","Beaba1|639",2
"116","BBA_00642","Beaba1|642",3
"117","BBA_00645","Beaba1|645",1
"118","BBA_00649","Beaba1|649",2
"119","BBA_00650","Beaba1|650",2
"120","BBA_00651","Beaba1|651",2
"121","BBA_00653","Beaba1|653",3
"122","BBA_00662","Beaba1|662",1
"123","BBA_00664","Beaba1|664",2
"124","BBA_00678","Beaba1|678",1
"125","BBA_00680","Beaba1|680",1
"126","BBA_00687","Beaba1|687",4
"127","BBA_00701","Beaba1|701",2
"128","BBA_00718","Beaba1|718",4
"129","BBA_00719","Beaba1|719",3
"130","BBA_00722","Beaba1|722",2
"131","BBA_00724","Beaba1|724",2
"132","BBA_00725","Beaba1|725",4
"133","BBA_00733","Beaba1|733",3
"134","BBA_00735","Beaba1|735",1
"135","BBA_00742","Beaba1|742",3
"136","BBA_00756","Beaba1|756",3
"137","BBA_00760","Beaba1|760",1
"138","BBA_00764","Beaba1|764",3
"139","BBA_00771","Beaba1|771",1
"140","BBA_00776","Beaba1|776",3
"141","BBA_00779","Beaba1|779",1
"142","BBA_00780","Beaba1|780",1
"143","BBA_00781","Beaba1|781",1
"144","BBA_00785","Beaba1|785",3
"145","BBA_00790","Beaba1|790",1
"146","BBA_00792","Beaba1|792",1
"147","BBA_00793","Beaba1|793",1
"148","BBA_00803","Beaba1|803",1
"149","BBA_00806","Beaba1|806",1
"150","BBA_00812","Beaba1|812",4
"151","BBA_00829","Beaba1|829",1
"152","BBA_00845","Beaba1|845",1
"153","BBA_00852","Beaba1|852",2
"154","BBA_00857","Beaba1|857",3
"155","BBA_00863","Beaba1|863",1
"156","BBA_00875","Beaba1|875",1
"157","BBA_00882","Beaba1|882",2
"158","BBA_00889","Beaba1|889",1
"159","BBA_00891","Beaba1|891",1
"160","BBA_00893","Beaba1|893",2
"161","BBA_00901","Beaba1|901",2
"162","BBA_00904","Beaba1|904",1
"163","BBA_00911","Beaba1|911",1
"164","BBA_00917","Beaba1|917",1
"165","BBA_00922","Beaba1|922",3
"166","BBA_00924","Beaba1|924",1
"167","BBA_00933","Beaba1|933",1
"168","BBA_00934","Beaba1|934",1
"169","BBA_00935","Beaba1|935",3
"170","BBA_00938","Beaba1|938",2
"171","BBA_00944","Beaba1|944",2
"172","BBA_00945","Beaba1|945",2
"173","BBA_00946","Beaba1|946",1
"174","BBA_00954","Beaba1|954",4
"175","BBA_00955","Beaba1|955",3
"176","BBA_00962","Beaba1|962",1
"177","BBA_00969","Beaba1|969",1
"178","BBA_00971","Beaba1|971",1
"179","BBA_00986","Beaba1|986",1
"180","BBA_00987","Beaba1|987",1
"181","BBA_00994","Beaba1|994",1
"182","BBA_00997","Beaba1|997",1
"183","BBA_01002","Beaba1|1002",2
"184","BBA_01006","Beaba1|1006",4
"185","BBA_01022","Beaba1|1022",1
"186","BBA_01030","Beaba1|1030",3
"187","BBA_01038","Beaba1|1038",1
"188","BBA_01040","Beaba1|1040",2
"189","BBA_01041","Beaba1|1041",1
"190","BBA_01043","Beaba1|1043",1
"191","BBA_01044","Beaba1|1044",4
"192","BBA_01053","Beaba1|1053",2
"193","BBA_01059","Beaba1|1059",2
"194","BBA_01066","Beaba1|1066",2
"195","BBA_01068","Beaba1|1068",1
"196","BBA_01082","Beaba1|1082",1
"197","BBA_01083","Beaba1|1083",2
"198","BBA_01095","Beaba1|1095",1
"199","BBA_01106","Beaba1|1106",2
"200","BBA_01113","Beaba1|1113",4
"201","BBA_01116","Beaba1|1116",1
"202","BBA_01122","Beaba1|1122",1
"203","BBA_01123","Beaba1|1123",3
"204","BBA_01128","Beaba1|1128",3
"205","BBA_01146","Beaba1|1146",3
"206","BBA_01150","Beaba1|1150",2
"207","BBA_01152","Beaba1|1152",3
"208","BBA_01154","Beaba1|1154",1
"209","BBA_01157","Beaba1|1157",1
"210","BBA_01164","Beaba1|1164",1
"211","BBA_01173","Beaba1|1173",3
"212","BBA_01175","Beaba1|1175",2
"213","BBA_01176","Beaba1|1176",2
"214","BBA_01177","Beaba1|1177",2
"215","BBA_01185","Beaba1|1185",1
"216","BBA_01189","Beaba1|1189",1
"217","BBA_01192","Beaba1|1192",4
"218","BBA_01195","Beaba1|1195",1
"219","BBA_01200","Beaba1|1200",2
"220","BBA_01211","Beaba1|1211",1
"221","BBA_01214","Beaba1|1214",1
"222","BBA_01228","Beaba1|1228",2
"223","BBA_01230","Beaba1|1230",1
"224","BBA_01231","Beaba1|1231",4
"225","BBA_01233","Beaba1|1233",1
"226","BBA_01234","Beaba1|1234",1
"227","BBA_01237","Beaba1|1237",1
"228","BBA_01241","Beaba1|1241",3
"229","BBA_01248","Beaba1|1248",1
"230","BBA_01265","Beaba1|1265",1
"231","BBA_01269","Beaba1|1269",1
"232","BBA_01270","Beaba1|1270",2
"233","BBA_01273","Beaba1|1273",2
"234","BBA_01275","Beaba1|1275",2
"235","BBA_01278","Beaba1|1278",3
"236","BBA_01280","Beaba1|1280",2
"237","BBA_01290","Beaba1|1290",2
"238","BBA_01291","Beaba1|1291",2
"239","BBA_01294","Beaba1|1294",1
"240","BBA_01295","Beaba1|1295",3
"241","BBA_01307","Beaba1|1307",4
"242","BBA_01325","Beaba1|1325",2
"243","BBA_01333","Beaba1|1333",1
"244","BBA_01347","Beaba1|1347",2
"245","BBA_01356","Beaba1|1356",3
"246","BBA_01358","Beaba1|1358",4
"247","BBA_01366","Beaba1|1366",1
"248","BBA_01371","Beaba1|1371",2
"249","BBA_01373","Beaba1|1373",3
"250","BBA_01375","Beaba1|1375",4
"251","BBA_01380","Beaba1|1380",1
"252","BBA_01388","Beaba1|1388",3
"253","BBA_01392","Beaba1|1392",3
"254","BBA_01402","Beaba1|1402",1
"255","BBA_01403","Beaba1|1403",2
"256","BBA_01405","Beaba1|1405",3
"257","BBA_01406","Beaba1|1406",3
"258","BBA_01413","Beaba1|1413",4
"259","BBA_01414","Beaba1|1414",1
"260","BBA_01419","Beaba1|1419",1
"261","BBA_01421","Beaba1|1421",1
"262","BBA_01427","Beaba1|1427",1
"263","BBA_01428","Beaba1|1428",2
"264","BBA_01444","Beaba1|1444",4
"265","BBA_01446","Beaba1|1446",3
"266","BBA_01449","Beaba1|1449",1
"267","BBA_01457","Beaba1|1457",2
"268","BBA_01469","Beaba1|1469",1
"269","BBA_01475","Beaba1|1475",1
"270","BBA_01483","Beaba1|1483",1
"271","BBA_01491","Beaba1|1491",3
"272","BBA_01502","Beaba1|1502",1
"273","BBA_01504","Beaba1|1504",1
"274","BBA_01514","Beaba1|1514",1
"275","BBA_01515","Beaba1|1515",2
"276","BBA_01523","Beaba1|1523",1
"277","BBA_01527","Beaba1|1527",4
"278","BBA_01537","Beaba1|1537",3
"279","BBA_01539","Beaba1|1539",1
"280","BBA_01549","Beaba1|1549",3
"281","BBA_01554","Beaba1|1554",4
"282","BBA_01559","Beaba1|1559",1
"283","BBA_01563","Beaba1|1563",2
"284","BBA_01564","Beaba1|1564",3
"285","BBA_01569","Beaba1|1569",2
"286","BBA_01583","Beaba1|1583",1
"287","BBA_01593","Beaba1|1593",4
"288","BBA_01609","Beaba1|1609",4
"289","BBA_01624","Beaba1|1624",3
"290","BBA_01629","Beaba1|1629",4
"291","BBA_01635","Beaba1|1635",2
"292","BBA_01637","Beaba1|1637",1
"293","BBA_01639","Beaba1|1639",2
"294","BBA_01641","Beaba1|1641",1
"295","BBA_01645","Beaba1|1645",4
"296","BBA_01650","Beaba1|1650",1
"297","BBA_01652","Beaba1|1652",4
"298","BBA_01657","Beaba1|1657",1
"299","BBA_01659","Beaba1|1659",3
"300","BBA_01662","Beaba1|1662",3
"301","BBA_01668","Beaba1|1668",2
"302","BBA_01669","Beaba1|1669",2
"303","BBA_01686","Beaba1|1686",3
"304","BBA_01687","Beaba1|1687",2
"305","BBA_01689","Beaba1|1689",2
"306","BBA_01691","Beaba1|1691",1
"307","BBA_01693","Beaba1|1693",2
"308","BBA_01695","Beaba1|1695",1
"309","BBA_01701","Beaba1|1701",2
"310","BBA_01702","Beaba1|1702",3
"311","BBA_01716","Beaba1|1716",1
"312","BBA_01720","Beaba1|1720",2
"313","BBA_01721","Beaba1|1721",2
"314","BBA_01722","Beaba1|1722",2
"315","BBA_01725","Beaba1|1725",1
"316","BBA_01728","Beaba1|1728",1
"317","BBA_01741","Beaba1|1741",4
"318","BBA_01749","Beaba1|1749",3
"319","BBA_01753","Beaba1|1753",1
"320","BBA_01756","Beaba1|1756",2
"321","BBA_01765","Beaba1|1765",3
"322","BBA_01766","Beaba1|1766",1
"323","BBA_01772","Beaba1|1772",2
"324","BBA_01774","Beaba1|1774",3
"325","BBA_01776","Beaba1|1776",2
"326","BBA_01779","Beaba1|1779",3
"327","BBA_01810","Beaba1|1810",1
"328","BBA_01823","Beaba1|1823",2
"329","BBA_01831","Beaba1|1831",2
"330","BBA_01834","Beaba1|1834",3
"331","BBA_01835","Beaba1|1835",2
"332","BBA_01836","Beaba1|1836",2
"333","BBA_01837","Beaba1|1837",2
"334","BBA_01853","Beaba1|1853",1
"335","BBA_01855","Beaba1|1855",4
"336","BBA_01860","Beaba1|1860",1
"337","BBA_01863","Beaba1|1863",3
"338","BBA_01865","Beaba1|1865",2
"339","BBA_01866","Beaba1|1866",1
"340","BBA_01870","Beaba1|1870",3
"341","BBA_01890","Beaba1|1890",1
"342","BBA_01898","Beaba1|1898",1
"343","BBA_01917","Beaba1|1917",3
"344","BBA_01928","Beaba1|1928",1
"345","BBA_01941","Beaba1|1941",1
"346","BBA_01956","Beaba1|1956",3
"347","BBA_01959","Beaba1|1959",4
"348","BBA_01968","Beaba1|1968",1
"349","BBA_01991","Beaba1|1991",1
"350","BBA_01998","Beaba1|1998",2
"351","BBA_01999","Beaba1|1999",2
"352","BBA_02008","Beaba1|2008",4
"353","BBA_02016","Beaba1|2016",1
"354","BBA_02019","Beaba1|2019",4
"355","BBA_02020","Beaba1|2020",2
"356","BBA_02021","Beaba1|2021",2
"357","BBA_02030","Beaba1|2030",2
"358","BBA_02032","Beaba1|2032",2
"359","BBA_02045","Beaba1|2045",1
"360","BBA_02046","Beaba1|2046",4
"361","BBA_02048","Beaba1|2048",2
"362","BBA_02055","Beaba1|2055",2
"363","BBA_02056","Beaba1|2056",2
"364","BBA_02057","Beaba1|2057",2
"365","BBA_02066","Beaba1|2066",2
"366","BBA_02074","Beaba1|2074",1
"367","BBA_02075","Beaba1|2075",2
"368","BBA_02079","Beaba1|2079",4
"369","BBA_02098","Beaba1|2098",4
"370","BBA_02102","Beaba1|2102",2
"371","BBA_02103","Beaba1|2103",2
"372","BBA_02106","Beaba1|2106",2
"373","BBA_02111","Beaba1|2111",1
"374","BBA_02112","Beaba1|2112",1
"375","BBA_02115","Beaba1|2115",1
"376","BBA_02116","Beaba1|2116",3
"377","BBA_02117","Beaba1|2117",1
"378","BBA_02123","Beaba1|2123",3
"379","BBA_02132","Beaba1|2132",1
"380","BBA_02133","Beaba1|2133",1
"381","BBA_02135","Beaba1|2135",2
"382","BBA_02146","Beaba1|2146",2
"383","BBA_02151","Beaba1|2151",2
"384","BBA_02158","Beaba1|2158",1
"385","BBA_02166","Beaba1|2166",3
"386","BBA_02169","Beaba1|2169",2
"387","BBA_02188","Beaba1|2188",1
"388","BBA_02191","Beaba1|2191",1
"389","BBA_02194","Beaba1|2194",2
"390","BBA_02200","Beaba1|2200",1
"391","BBA_02201","Beaba1|2201",1
"392","BBA_02202","Beaba1|2202",1
"393","BBA_02203","Beaba1|2203",1
"394","BBA_02205","Beaba1|2205",1
"395","BBA_02206","Beaba1|2206",3
"396","BBA_02210","Beaba1|2210",2
"397","BBA_02212","Beaba1|2212",3
"398","BBA_02214","Beaba1|2214",2
"399","BBA_02219","Beaba1|2219",3
"400","BBA_02221","Beaba1|2221",1
"401","BBA_02224","Beaba1|2224",1
"402","BBA_02229","Beaba1|2229",1
"403","BBA_02230","Beaba1|2230",1
"404","BBA_02232","Beaba1|2232",2
"405","BBA_02238","Beaba1|2238",1
"406","BBA_02245","Beaba1|2245",1
"407","BBA_02247","Beaba1|2247",1
"408","BBA_02253","Beaba1|2253",2
"409","BBA_02255","Beaba1|2255",2
"410","BBA_02258","Beaba1|2258",1
"411","BBA_02260","Beaba1|2260",2
"412","BBA_02262","Beaba1|2262",1
"413","BBA_02271","Beaba1|2271",4
"414","BBA_02272","Beaba1|2272",2
"415","BBA_02277","Beaba1|2277",1
"416","BBA_02281","Beaba1|2281",2
"417","BBA_02282","Beaba1|2282",2
"418","BBA_02283","Beaba1|2283",2
"419","BBA_02287","Beaba1|2287",2
"420","BBA_02300","Beaba1|2300",3
"421","BBA_02301","Beaba1|2301",1
"422","BBA_02310","Beaba1|2310",1
"423","BBA_02318","Beaba1|2318",1
"424","BBA_02320","Beaba1|2320",3
"425","BBA_02332","Beaba1|2332",3
"426","BBA_02342","Beaba1|2342",2
"427","BBA_02344","Beaba1|2344",1
"428","BBA_02350","Beaba1|2350",3
"429","BBA_02351","Beaba1|2351",2
"430","BBA_02359","Beaba1|2359",3
"431","BBA_02362","Beaba1|2362",3
"432","BBA_02366","Beaba1|2366",3
"433","BBA_02374","Beaba1|2374",2
"434","BBA_02382","Beaba1|2382",2
"435","BBA_02387","Beaba1|2387",3
"436","BBA_02389","Beaba1|2389",2
"437","BBA_02393","Beaba1|2393",1
"438","BBA_02399","Beaba1|2399",2
"439","BBA_02406","Beaba1|2406",1
"440","BBA_02408","Beaba1|2408",1
"441","BBA_02409","Beaba1|2409",3
"442","BBA_02416","Beaba1|2416",1
"443","BBA_02419","Beaba1|2419",1
"444","BBA_02424","Beaba1|2424",4
"445","BBA_02425","Beaba1|2425",4
"446","BBA_02427","Beaba1|2427",2
"447","BBA_02429","Beaba1|2429",1
"448","BBA_02432","Beaba1|2432",3
"449","BBA_02434","Beaba1|2434",1
"450","BBA_02463","Beaba1|2463",3
"451","BBA_02483","Beaba1|2483",1
"452","BBA_02489","Beaba1|2489",1
"453","BBA_02505","Beaba1|2505",2
"454","BBA_02511","Beaba1|2511",3
"455","BBA_02516","Beaba1|2516",3
"456","BBA_02523","Beaba1|2523",4
"457","BBA_02532","Beaba1|2532",1
"458","BBA_02538","Beaba1|2538",1
"459","BBA_02546","Beaba1|2546",1
"460","BBA_02550","Beaba1|2550",3
"461","BBA_02553","Beaba1|2553",1
"462","BBA_02563","Beaba1|2563",1
"463","BBA_02565","Beaba1|2565",1
"464","BBA_02567","Beaba1|2567",1
"465","BBA_02568","Beaba1|2568",1
"466","BBA_02569","Beaba1|2569",3
"467","BBA_02571","Beaba1|2571",1
"468","BBA_02574","Beaba1|2574",2
"469","BBA_02578","Beaba1|2578",2
"470","BBA_02579","Beaba1|2579",1
"471","BBA_02580","Beaba1|2580",3
"472","BBA_02583","Beaba1|2583",4
"473","BBA_02588","Beaba1|2588",4
"474","BBA_02589","Beaba1|2589",3
"475","BBA_02598","Beaba1|2598",3
"476","BBA_02609","Beaba1|2609",3
"477","BBA_02620","Beaba1|2620",4
"478","BBA_02626","Beaba1|2626",2
"479","BBA_02635","Beaba1|2635",3
"480","BBA_02639","Beaba1|2639",3
"481","BBA_02642","Beaba1|2642",1
"482","BBA_02647","Beaba1|2647",3
"483","BBA_02649","Beaba1|2649",1
"484","BBA_02657","Beaba1|2657",4
"485","BBA_02660","Beaba1|2660",4
"486","BBA_02661","Beaba1|2661",2
"487","BBA_02665","Beaba1|2665",2
"488","BBA_02666","Beaba1|2666",4
"489","BBA_02671","Beaba1|2671",2
"490","BBA_02672","Beaba1|2672",4
"491","BBA_02673","Beaba1|2673",1
"492","BBA_02674","Beaba1|2674",3
"493","BBA_02675","Beaba1|2675",1
"494","BBA_02679","Beaba1|2679",3
"495","BBA_02681","Beaba1|2681",1
"496","BBA_02683","Beaba1|2683",2
"497","BBA_02685","Beaba1|2685",2
"498","BBA_02690","Beaba1|2690",2
"499","BBA_02691","Beaba1|2691",1
"500","BBA_02697","Beaba1|2697",3
"501","BBA_02703","Beaba1|2703",1
"502","BBA_02706","Beaba1|2706",3
"503","BBA_02707","Beaba1|2707",2
"504","BBA_02712","Beaba1|2712",2
"505","BBA_02714","Beaba1|2714",3
"506","BBA_02717","Beaba1|2717",2
"507","BBA_02718","Beaba1|2718",4
"508","BBA_02719","Beaba1|2719",2
"509","BBA_02720","Beaba1|2720",2
"510","BBA_02738","Beaba1|2738",3
"511","BBA_02740","Beaba1|2740",2
"512","BBA_02760","Beaba1|2760",1
"513","BBA_02766","Beaba1|2766",1
"514","BBA_02773","Beaba1|2773",2
"515","BBA_02774","Beaba1|2774",2
"516","BBA_02777","Beaba1|2777",2
"517","BBA_02778","Beaba1|2778",2
"518","BBA_02779","Beaba1|2779",2
"519","BBA_02786","Beaba1|2786",1
"520","BBA_02788","Beaba1|2788",2
"521","BBA_02792","Beaba1|2792",2
"522","BBA_02797","Beaba1|2797",2
"523","BBA_02801","Beaba1|2801",3
"524","BBA_02803","Beaba1|2803",1
"525","BBA_02811","Beaba1|2811",2
"526","BBA_02812","Beaba1|2812",4
"527","BBA_02815","Beaba1|2815",1
"528","BBA_02817","Beaba1|2817",1
"529","BBA_02818","Beaba1|2818",1
"530","BBA_02828","Beaba1|2828",1
"531","BBA_02833","Beaba1|2833",1
"532","BBA_02842","Beaba1|2842",1
"533","BBA_02844","Beaba1|2844",1
"534","BBA_02848","Beaba1|2848",1
"535","BBA_02849","Beaba1|2849",1
"536","BBA_02853","Beaba1|2853",1
"537","BBA_02858","Beaba1|2858",2
"538","BBA_02859","Beaba1|2859",4
"539","BBA_02870","Beaba1|2870",4
"540","BBA_02871","Beaba1|2871",2
"541","BBA_02872","Beaba1|2872",4
"542","BBA_02874","Beaba1|2874",4
"543","BBA_02876","Beaba1|2876",4
"544","BBA_02882","Beaba1|2882",1
"545","BBA_02898","Beaba1|2898",2
"546","BBA_02908","Beaba1|2908",2
"547","BBA_02913","Beaba1|2913",2
"548","BBA_02921","Beaba1|2921",3
"549","BBA_02931","Beaba1|2931",2
"550","BBA_02935","Beaba1|2935",1
"551","BBA_02937","Beaba1|2937",2
"552","BBA_02939","Beaba1|2939",2
"553","BBA_02941","Beaba1|2941",2
"554","BBA_02948","Beaba1|2948",1
"555","BBA_02955","Beaba1|2955",1
"556","BBA_02957","Beaba1|2957",2
"557","BBA_02958","Beaba1|2958",4
"558","BBA_02961","Beaba1|2961",2
"559","BBA_02972","Beaba1|2972",2
"560","BBA_02976","Beaba1|2976",4
"561","BBA_03003","Beaba1|3003",2
"562","BBA_03008","Beaba1|3008",4
"563","BBA_03011","Beaba1|3011",3
"564","BBA_03021","Beaba1|3021",2
"565","BBA_03022","Beaba1|3022",1
"566","BBA_03023","Beaba1|3023",3
"567","BBA_03024","Beaba1|3024",3
"568","BBA_03033","Beaba1|3033",2
"569","BBA_03036","Beaba1|3036",4
"570","BBA_03040","Beaba1|3040",3
"571","BBA_03043","Beaba1|3043",1
"572","BBA_03044","Beaba1|3044",2
"573","BBA_03045","Beaba1|3045",2
"574","BBA_03047","Beaba1|3047",4
"575","BBA_03059","Beaba1|3059",3
"576","BBA_03064","Beaba1|3064",2
"577","BBA_03065","Beaba1|3065",1
"578","BBA_03069","Beaba1|3069",3
"579","BBA_03075","Beaba1|3075",1
"580","BBA_03076","Beaba1|3076",1
"581","BBA_03103","Beaba1|3103",1
"582","BBA_03104","Beaba1|3104",1
"583","BBA_03106","Beaba1|3106",4
"584","BBA_03109","Beaba1|3109",1
"585","BBA_03111","Beaba1|3111",3
"586","BBA_03114","Beaba1|3114",2
"587","BBA_03118","Beaba1|3118",2
"588","BBA_03124","Beaba1|3124",1
"589","BBA_03134","Beaba1|3134",1
"590","BBA_03145","Beaba1|3145",4
"591","BBA_03157","Beaba1|3157",1
"592","BBA_03158","Beaba1|3158",3
"593","BBA_03162","Beaba1|3162",1
"594","BBA_03165","Beaba1|3165",1
"595","BBA_03166","Beaba1|3166",2
"596","BBA_03167","Beaba1|3167",1
"597","BBA_03171","Beaba1|3171",2
"598","BBA_03178","Beaba1|3178",1
"599","BBA_03181","Beaba1|3181",1
"600","BBA_03195","Beaba1|3195",2
"601","BBA_03196","Beaba1|3196",2
"602","BBA_03197","Beaba1|3197",2
"603","BBA_03198","Beaba1|3198",3
"604","BBA_03202","Beaba1|3202",2
"605","BBA_03206","Beaba1|3206",2
"606","BBA_03207","Beaba1|3207",1
"607","BBA_03208","Beaba1|3208",1
"608","BBA_03213","Beaba1|3213",2
"609","BBA_03223","Beaba1|3223",1
"610","BBA_03224","Beaba1|3224",1
"611","BBA_03225","Beaba1|3225",3
"612","BBA_03229","Beaba1|3229",1
"613","BBA_03237","Beaba1|3237",2
"614","BBA_03238","Beaba1|3238",2
"615","BBA_03243","Beaba1|3243",1
"616","BBA_03252","Beaba1|3252",3
"617","BBA_03257","Beaba1|3257",2
"618","BBA_03260","Beaba1|3260",3
"619","BBA_03262","Beaba1|3262",3
"620","BBA_03266","Beaba1|3266",2
"621","BBA_03267","Beaba1|3267",1
"622","BBA_03268","Beaba1|3268",3
"623","BBA_03269","Beaba1|3269",1
"624","BBA_03277","Beaba1|3277",3
"625","BBA_03282","Beaba1|3282",4
"626","BBA_03283","Beaba1|3283",4
"627","BBA_03284","Beaba1|3284",3
"628","BBA_03287","Beaba1|3287",1
"629","BBA_03302","Beaba1|3302",2
"630","BBA_03307","Beaba1|3307",1
"631","BBA_03314","Beaba1|3314",1
"632","BBA_03315","Beaba1|3315",1
"633","BBA_03322","Beaba1|3322",3
"634","BBA_03323","Beaba1|3323",1
"635","BBA_03327","Beaba1|3327",2
"636","BBA_03330","Beaba1|3330",3
"637","BBA_03334","Beaba1|3334",1
"638","BBA_03335","Beaba1|3335",1
"639","BBA_03341","Beaba1|3341",2
"640","BBA_03345","Beaba1|3345",4
"641","BBA_03349","Beaba1|3349",4
"642","BBA_03356","Beaba1|3356",2
"643","BBA_03360","Beaba1|3360",3
"644","BBA_03361","Beaba1|3361",4
"645","BBA_03362","Beaba1|3362",4
"646","BBA_03369","Beaba1|3369",1
"647","BBA_03373","Beaba1|3373",1
"648","BBA_03375","Beaba1|3375",1
"649","BBA_03382","Beaba1|3382",2
"650","BBA_03384","Beaba1|3384",2
"651","BBA_03390","Beaba1|3390",1
"652","BBA_03391","Beaba1|3391",3
"653","BBA_03392","Beaba1|3392",4
"654","BBA_03401","Beaba1|3401",4
"655","BBA_03402","Beaba1|3402",3
"656","BBA_03404","Beaba1|3404",2
"657","BBA_03407","Beaba1|3407",1
"658","BBA_03411","Beaba1|3411",1
"659","BBA_03414","Beaba1|3414",2
"660","BBA_03418","Beaba1|3418",3
"661","BBA_03423","Beaba1|3423",3
"662","BBA_03434","Beaba1|3434",4
"663","BBA_03437","Beaba1|3437",1
"664","BBA_03438","Beaba1|3438",1
"665","BBA_03446","Beaba1|3446",1
"666","BBA_03448","Beaba1|3448",4
"667","BBA_03459","Beaba1|3459",3
"668","BBA_03463","Beaba1|3463",2
"669","BBA_03481","Beaba1|3481",3
"670","BBA_03484","Beaba1|3484",2
"671","BBA_03493","Beaba1|3493",1
"672","BBA_03494","Beaba1|3494",1
"673","BBA_03496","Beaba1|3496",4
"674","BBA_03499","Beaba1|3499",1
"675","BBA_03504","Beaba1|3504",1
"676","BBA_03507","Beaba1|3507",2
"677","BBA_03511","Beaba1|3511",4
"678","BBA_03515","Beaba1|3515",2
"679","BBA_03516","Beaba1|3516",3
"680","BBA_03519","Beaba1|3519",1
"681","BBA_03521","Beaba1|3521",2
"682","BBA_03523","Beaba1|3523",3
"683","BBA_03527","Beaba1|3527",4
"684","BBA_03529","Beaba1|3529",4
"685","BBA_03530","Beaba1|3530",2
"686","BBA_03531","Beaba1|3531",1
"687","BBA_03534","Beaba1|3534",2
"688","BBA_03535","Beaba1|3535",2
"689","BBA_03541","Beaba1|3541",3
"690","BBA_03547","Beaba1|3547",1
"691","BBA_03551","Beaba1|3551",2
"692","BBA_03556","Beaba1|3556",2
"693","BBA_03558","Beaba1|3558",1
"694","BBA_03560","Beaba1|3560",1
"695","BBA_03563","Beaba1|3563",1
"696","BBA_03564","Beaba1|3564",1
"697","BBA_03568","Beaba1|3568",2
"698","BBA_03588","Beaba1|3588",3
"699","BBA_03592","Beaba1|3592",4
"700","BBA_03598","Beaba1|3598",1
"701","BBA_03617","Beaba1|3617",3
"702","BBA_03623","Beaba1|3623",2
"703","BBA_03626","Beaba1|3626",2
"704","BBA_03627","Beaba1|3627",2
"705","BBA_03654","Beaba1|3654",3
"706","BBA_03655","Beaba1|3655",2
"707","BBA_03660","Beaba1|3660",3
"708","BBA_03667","Beaba1|3667",3
"709","BBA_03670","Beaba1|3670",4
"710","BBA_03673","Beaba1|3673",1
"711","BBA_03674","Beaba1|3674",2
"712","BBA_03676","Beaba1|3676",2
"713","BBA_03691","Beaba1|3691",2
"714","BBA_03703","Beaba1|3703",1
"715","BBA_03721","Beaba1|3721",2
"716","BBA_03723","Beaba1|3723",2
"717","BBA_03730","Beaba1|3730",1
"718","BBA_03736","Beaba1|3736",2
"719","BBA_03738","Beaba1|3738",1
"720","BBA_03741","Beaba1|3741",1
"721","BBA_03748","Beaba1|3748",2
"722","BBA_03757","Beaba1|3757",2
"723","BBA_03762","Beaba1|3762",1
"724","BBA_03763","Beaba1|3763",1
"725","BBA_03764","Beaba1|3764",1
"726","BBA_03766","Beaba1|3766",1
"727","BBA_03778","Beaba1|3778",1
"728","BBA_03779","Beaba1|3779",3
"729","BBA_03781","Beaba1|3781",2
"730","BBA_03786","Beaba1|3786",1
"731","BBA_03792","Beaba1|3792",3
"732","BBA_03794","Beaba1|3794",1
"733","BBA_03798","Beaba1|3798",3
"734","BBA_03802","Beaba1|3802",2
"735","BBA_03807","Beaba1|3807",2
"736","BBA_03819","Beaba1|3819",1
"737","BBA_03841","Beaba1|3841",3
"738","BBA_03842","Beaba1|3842",2
"739","BBA_03845","Beaba1|3845",1
"740","BBA_03854","Beaba1|3854",1
"741","BBA_03856","Beaba1|3856",2
"742","BBA_03868","Beaba1|3868",1
"743","BBA_03880","Beaba1|3880",2
"744","BBA_03882","Beaba1|3882",1
"745","BBA_03888","Beaba1|3888",3
"746","BBA_03890","Beaba1|3890",3
"747","BBA_03899","Beaba1|3899",2
"748","BBA_03901","Beaba1|3901",4
"749","BBA_03902","Beaba1|3902",2
"750","BBA_03903","Beaba1|3903",3
"751","BBA_03904","Beaba1|3904",4
"752","BBA_03915","Beaba1|3915",2
"753","BBA_03918","Beaba1|3918",2
"754","BBA_03932","Beaba1|3932",1
"755","BBA_03934","Beaba1|3934",3
"756","BBA_03937","Beaba1|3937",3
"757","BBA_03941","Beaba1|3941",1
"758","BBA_03952","Beaba1|3952",1
"759","BBA_03964","Beaba1|3964",1
"760","BBA_03977","Beaba1|3977",4
"761","BBA_03985","Beaba1|3985",1
"762","BBA_03990","Beaba1|3990",2
"763","BBA_03991","Beaba1|3991",2
"764","BBA_04010","Beaba1|4010",1
"765","BBA_04019","Beaba1|4019",3
"766","BBA_04023","Beaba1|4023",1
"767","BBA_04042","Beaba1|4042",4
"768","BBA_04050","Beaba1|4050",3
"769","BBA_04052","Beaba1|4052",1
"770","BBA_04054","Beaba1|4054",4
"771","BBA_04065","Beaba1|4065",1
"772","BBA_04069","Beaba1|4069",3
"773","BBA_04070","Beaba1|4070",1
"774","BBA_04072","Beaba1|4072",1
"775","BBA_04075","Beaba1|4075",4
"776","BBA_04076","Beaba1|4076",3
"777","BBA_04077","Beaba1|4077",1
"778","BBA_04080","Beaba1|4080",2
"779","BBA_04083","Beaba1|4083",1
"780","BBA_04089","Beaba1|4089",3
"781","BBA_04091","Beaba1|4091",3
"782","BBA_04094","Beaba1|4094",4
"783","BBA_04100","Beaba1|4100",4
"784","BBA_04106","Beaba1|4106",3
"785","BBA_04107","Beaba1|4107",2
"786","BBA_04109","Beaba1|4109",4
"787","BBA_04112","Beaba1|4112",1
"788","BBA_04117","Beaba1|4117",1
"789","BBA_04123","Beaba1|4123",4
"790","BBA_04134","Beaba1|4134",1
"791","BBA_04138","Beaba1|4138",4
"792","BBA_04143","Beaba1|4143",2
"793","BBA_04146","Beaba1|4146",1
"794","BBA_04150","Beaba1|4150",1
"795","BBA_04153","Beaba1|4153",2
"796","BBA_04157","Beaba1|4157",3
"797","BBA_04162","Beaba1|4162",1
"798","BBA_04166","Beaba1|4166",4
"799","BBA_04186","Beaba1|4186",2
"800","BBA_04190","Beaba1|4190",2
"801","BBA_04191","Beaba1|4191",1
"802","BBA_04200","Beaba1|4200",2
"803","BBA_04204","Beaba1|4204",1
"804","BBA_04208","Beaba1|4208",4
"805","BBA_04214","Beaba1|4214",2
"806","BBA_04216","Beaba1|4216",1
"807","BBA_04217","Beaba1|4217",2
"808","BBA_04219","Beaba1|4219",2
"809","BBA_04230","Beaba1|4230",2
"810","BBA_04232","Beaba1|4232",1
"811","BBA_04240","Beaba1|4240",2
"812","BBA_04241","Beaba1|4241",2
"813","BBA_04247","Beaba1|4247",4
"814","BBA_04252","Beaba1|4252",3
"815","BBA_04253","Beaba1|4253",2
"816","BBA_04254","Beaba1|4254",1
"817","BBA_04259","Beaba1|4259",3
"818","BBA_04260","Beaba1|4260",1
"819","BBA_04271","Beaba1|4271",4
"820","BBA_04272","Beaba1|4272",4
"821","BBA_04279","Beaba1|4279",2
"822","BBA_04291","Beaba1|4291",1
"823","BBA_04309","Beaba1|4309",1
"824","BBA_04316","Beaba1|4316",3
"825","BBA_04319","Beaba1|4319",1
"826","BBA_04320","Beaba1|4320",3
"827","BBA_04321","Beaba1|4321",1
"828","BBA_04329","Beaba1|4329",1
"829","BBA_04330","Beaba1|4330",4
"830","BBA_04333","Beaba1|4333",2
"831","BBA_04334","Beaba1|4334",1
"832","BBA_04348","Beaba1|4348",1
"833","BBA_04357","Beaba1|4357",1
"834","BBA_04362","Beaba1|4362",1
"835","BBA_04363","Beaba1|4363",1
"836","BBA_04366","Beaba1|4366",2
"837","BBA_04367","Beaba1|4367",2
"838","BBA_04370","Beaba1|4370",1
"839","BBA_04373","Beaba1|4373",2
"840","BBA_04378","Beaba1|4378",2
"841","BBA_04379","Beaba1|4379",2
"842","BBA_04388","Beaba1|4388",1
"843","BBA_04396","Beaba1|4396",1
"844","BBA_04405","Beaba1|4405",1
"845","BBA_04410","Beaba1|4410",2
"846","BBA_04420","Beaba1|4420",3
"847","BBA_04430","Beaba1|4430",2
"848","BBA_04434","Beaba1|4434",3
"849","BBA_04443","Beaba1|4443",1
"850","BBA_04445","Beaba1|4445",2
"851","BBA_04447","Beaba1|4447",1
"852","BBA_04452","Beaba1|4452",4
"853","BBA_04457","Beaba1|4457",1
"854","BBA_04458","Beaba1|4458",1
"855","BBA_04462","Beaba1|4462",4
"856","BBA_04464","Beaba1|4464",1
"857","BBA_04470","Beaba1|4470",2
"858","BBA_04474","Beaba1|4474",1
"859","BBA_04475","Beaba1|4475",4
"860","BBA_04479","Beaba1|4479",1
"861","BBA_04487","Beaba1|4487",1
"862","BBA_04490","Beaba1|4490",4
"863","BBA_04496","Beaba1|4496",1
"864","BBA_04500","Beaba1|4500",3
"865","BBA_04501","Beaba1|4501",1
"866","BBA_04511","Beaba1|4511",1
"867","BBA_04517","Beaba1|4517",1
"868","BBA_04533","Beaba1|4533",1
"869","BBA_04537","Beaba1|4537",2
"870","BBA_04539","Beaba1|4539",4
"871","BBA_04544","Beaba1|4544",4
"872","BBA_04545","Beaba1|4545",3
"873","BBA_04549","Beaba1|4549",2
"874","BBA_04552","Beaba1|4552",1
"875","BBA_04567","Beaba1|4567",2
"876","BBA_04570","Beaba1|4570",1
"877","BBA_04571","Beaba1|4571",2
"878","BBA_04572","Beaba1|4572",2
"879","BBA_04573","Beaba1|4573",3
"880","BBA_04580","Beaba1|4580",1
"881","BBA_04581","Beaba1|4581",1
"882","BBA_04582","Beaba1|4582",1
"883","BBA_04583","Beaba1|4583",3
"884","BBA_04591","Beaba1|4591",3
"885","BBA_04596","Beaba1|4596",4
"886","BBA_04599","Beaba1|4599",4
"887","BBA_04602","Beaba1|4602",3
"888","BBA_04603","Beaba1|4603",2
"889","BBA_04604","Beaba1|4604",3
"890","BBA_04609","Beaba1|4609",2
"891","BBA_04616","Beaba1|4616",1
"892","BBA_04622","Beaba1|4622",2
"893","BBA_04628","Beaba1|4628",1
"894","BBA_04629","Beaba1|4629",1
"895","BBA_04632","Beaba1|4632",1
"896","BBA_04637","Beaba1|4637",4
"897","BBA_04638","Beaba1|4638",2
"898","BBA_04639","Beaba1|4639",1
"899","BBA_04641","Beaba1|4641",3
"900","BBA_04643","Beaba1|4643",1
"901","BBA_04658","Beaba1|4658",1
"902","BBA_04659","Beaba1|4659",1
"903","BBA_04660","Beaba1|4660",1
"904","BBA_04674","Beaba1|4674",1
"905","BBA_04680","Beaba1|4680",1
"906","BBA_04692","Beaba1|4692",1
"907","BBA_04698","Beaba1|4698",3
"908","BBA_04706","Beaba1|4706",2
"909","BBA_04707","Beaba1|4707",1
"910","BBA_04708","Beaba1|4708",4
"911","BBA_04713","Beaba1|4713",1
"912","BBA_04714","Beaba1|4714",2
"913","BBA_04717","Beaba1|4717",1
"914","BBA_04723","Beaba1|4723",4
"915","BBA_04738","Beaba1|4738",3
"916","BBA_04742","Beaba1|4742",2
"917","BBA_04745","Beaba1|4745",2
"918","BBA_04746","Beaba1|4746",2
"919","BBA_04754","Beaba1|4754",4
"920","BBA_04755","Beaba1|4755",4
"921","BBA_04771","Beaba1|4771",4
"922","BBA_04773","Beaba1|4773",1
"923","BBA_04785","Beaba1|4785",3
"924","BBA_04789","Beaba1|4789",4
"925","BBA_04790","Beaba1|4790",1
"926","BBA_04793","Beaba1|4793",3
"927","BBA_04795","Beaba1|4795",1
"928","BBA_04797","Beaba1|4797",4
"929","BBA_04799","Beaba1|4799",1
"930","BBA_04800","Beaba1|4800",4
"931","BBA_04803","Beaba1|4803",3
"932","BBA_04811","Beaba1|4811",2
"933","BBA_04812","Beaba1|4812",2
"934","BBA_04821","Beaba1|4821",1
"935","BBA_04822","Beaba1|4822",1
"936","BBA_04831","Beaba1|4831",1
"937","BBA_04832","Beaba1|4832",1
"938","BBA_04837","Beaba1|4837",1
"939","BBA_04838","Beaba1|4838",3
"940","BBA_04839","Beaba1|4839",1
"941","BBA_04840","Beaba1|4840",4
"942","BBA_04852","Beaba1|4852",1
"943","BBA_04853","Beaba1|4853",2
"944","BBA_04858","Beaba1|4858",4
"945","BBA_04859","Beaba1|4859",2
"946","BBA_04864","Beaba1|4864",2
"947","BBA_04869","Beaba1|4869",4
"948","BBA_04871","Beaba1|4871",1
"949","BBA_04875","Beaba1|4875",1
"950","BBA_04878","Beaba1|4878",1
"951","BBA_04879","Beaba1|4879",3
"952","BBA_04890","Beaba1|4890",4
"953","BBA_04894","Beaba1|4894",1
"954","BBA_04895","Beaba1|4895",3
"955","BBA_04898","Beaba1|4898",2
"956","BBA_04899","Beaba1|4899",2
"957","BBA_04903","Beaba1|4903",1
"958","BBA_04921","Beaba1|4921",2
"959","BBA_04922","Beaba1|4922",3
"960","BBA_04936","Beaba1|4936",2
"961","BBA_04937","Beaba1|4937",2
"962","BBA_04939","Beaba1|4939",2
"963","BBA_04951","Beaba1|4951",3
"964","BBA_04957","Beaba1|4957",1
"965","BBA_04958","Beaba1|4958",1
"966","BBA_04963","Beaba1|4963",1
"967","BBA_04969","Beaba1|4969",4
"968","BBA_04970","Beaba1|4970",3
"969","BBA_04973","Beaba1|4973",2
"970","BBA_04983","Beaba1|4983",1
"971","BBA_04987","Beaba1|4987",2
"972","BBA_04998","Beaba1|4998",2
"973","BBA_05000","Beaba1|5000",3
"974","BBA_05011","Beaba1|5011",3
"975","BBA_05014","Beaba1|5014",2
"976","BBA_05017","Beaba1|5017",1
"977","BBA_05020","Beaba1|5020",2
"978","BBA_05025","Beaba1|5025",4
"979","BBA_05031","Beaba1|5031",1
"980","BBA_05037","Beaba1|5037",4
"981","BBA_05038","Beaba1|5038",2
"982","BBA_05047","Beaba1|5047",3
"983","BBA_05049","Beaba1|5049",1
"984","BBA_05055","Beaba1|5055",2
"985","BBA_05062","Beaba1|5062",2
"986","BBA_05064","Beaba1|5064",4
"987","BBA_05081","Beaba1|5081",2
"988","BBA_05082","Beaba1|5082",2
"989","BBA_05105","Beaba1|5105",1
"990","BBA_05112","Beaba1|5112",1
"991","BBA_05117","Beaba1|5117",3
"992","BBA_05122","Beaba1|5122",2
"993","BBA_05123","Beaba1|5123",1
"994","BBA_05125","Beaba1|5125",2
"995","BBA_05133","Beaba1|5133",3
"996","BBA_05134","Beaba1|5134",2
"997","BBA_05136","Beaba1|5136",3
"998","BBA_05137","Beaba1|5137",3
"999","BBA_05140","Beaba1|5140",1
"1000","BBA_05148","Beaba1|5148",2
"1001","BBA_05149","Beaba1|5149",3
"1002","BBA_05154","Beaba1|5154",2
"1003","BBA_05159","Beaba1|5159",1
"1004","BBA_05161","Beaba1|5161",2
"1005","BBA_05162","Beaba1|5162",3
"1006","BBA_05163","Beaba1|5163",4
"1007","BBA_05166","Beaba1|5166",3
"1008","BBA_05171","Beaba1|5171",1
"1009","BBA_05173","Beaba1|5173",1
"1010","BBA_05174","Beaba1|5174",1
"1011","BBA_05175","Beaba1|5175",2
"1012","BBA_05177","Beaba1|5177",2
"1013","BBA_05178","Beaba1|5178",1
"1014","BBA_05179","Beaba1|5179",1
"1015","BBA_05180","Beaba1|5180",1
"1016","BBA_05185","Beaba1|5185",4
"1017","BBA_05189","Beaba1|5189",3
"1018","BBA_05193","Beaba1|5193",3
"1019","BBA_05194","Beaba1|5194",1
"1020","BBA_05198","Beaba1|5198",2
"1021","BBA_05207","Beaba1|5207",1
"1022","BBA_05210","Beaba1|5210",1
"1023","BBA_05212","Beaba1|5212",3
"1024","BBA_05215","Beaba1|5215",1
"1025","BBA_05217","Beaba1|5217",3
"1026","BBA_05218","Beaba1|5218",2
"1027","BBA_05221","Beaba1|5221",1
"1028","BBA_05226","Beaba1|5226",2
"1029","BBA_05232","Beaba1|5232",2
"1030","BBA_05236","Beaba1|5236",4
"1031","BBA_05244","Beaba1|5244",1
"1032","BBA_05251","Beaba1|5251",2
"1033","BBA_05253","Beaba1|5253",3
"1034","BBA_05261","Beaba1|5261",4
"1035","BBA_05264","Beaba1|5264",2
"1036","BBA_05270","Beaba1|5270",1
"1037","BBA_05279","Beaba1|5279",4
"1038","BBA_05285","Beaba1|5285",3
"1039","BBA_05297","Beaba1|5297",2
"1040","BBA_05298","Beaba1|5298",2
"1041","BBA_05303","Beaba1|5303",4
"1042","BBA_05304","Beaba1|5304",2
"1043","BBA_05316","Beaba1|5316",2
"1044","BBA_05317","Beaba1|5317",1
"1045","BBA_05325","Beaba1|5325",2
"1046","BBA_05326","Beaba1|5326",1
"1047","BBA_05329","Beaba1|5329",2
"1048","BBA_05335","Beaba1|5335",1
"1049","BBA_05343","Beaba1|5343",1
"1050","BBA_05348","Beaba1|5348",1
"1051","BBA_05352","Beaba1|5352",3
"1052","BBA_05354","Beaba1|5354",2
"1053","BBA_05357","Beaba1|5357",2
"1054","BBA_05367","Beaba1|5367",3
"1055","BBA_05368","Beaba1|5368",4
"1056","BBA_05370","Beaba1|5370",1
"1057","BBA_05379","Beaba1|5379",2
"1058","BBA_05381","Beaba1|5381",1
"1059","BBA_05385","Beaba1|5385",2
"1060","BBA_05387","Beaba1|5387",4
"1061","BBA_05421","Beaba1|5421",2
"1062","BBA_05436","Beaba1|5436",3
"1063","BBA_05444","Beaba1|5444",2
"1064","BBA_05447","Beaba1|5447",3
"1065","BBA_05454","Beaba1|5454",2
"1066","BBA_05459","Beaba1|5459",3
"1067","BBA_05460","Beaba1|5460",2
"1068","BBA_05482","Beaba1|5482",1
"1069","BBA_05486","Beaba1|5486",1
"1070","BBA_05489","Beaba1|5489",2
"1071","BBA_05494","Beaba1|5494",4
"1072","BBA_05501","Beaba1|5501",1
"1073","BBA_05504","Beaba1|5504",1
"1074","BBA_05510","Beaba1|5510",2
"1075","BBA_05522","Beaba1|5522",2
"1076","BBA_05528","Beaba1|5528",1
"1077","BBA_05532","Beaba1|5532",2
"1078","BBA_05536","Beaba1|5536",4
"1079","BBA_05543","Beaba1|5543",2
"1080","BBA_05545","Beaba1|5545",1
"1081","BBA_05546","Beaba1|5546",3
"1082","BBA_05548","Beaba1|5548",3
"1083","BBA_05550","Beaba1|5550",3
"1084","BBA_05554","Beaba1|5554",2
"1085","BBA_05555","Beaba1|5555",2
"1086","BBA_05559","Beaba1|5559",2
"1087","BBA_05569","Beaba1|5569",2
"1088","BBA_05572","Beaba1|5572",1
"1089","BBA_05574","Beaba1|5574",2
"1090","BBA_05578","Beaba1|5578",2
"1091","BBA_05580","Beaba1|5580",2
"1092","BBA_05583","Beaba1|5583",3
"1093","BBA_05619","Beaba1|5619",1
"1094","BBA_05620","Beaba1|5620",2
"1095","BBA_05626","Beaba1|5626",2
"1096","BBA_05628","Beaba1|5628",3
"1097","BBA_05631","Beaba1|5631",3
"1098","BBA_05633","Beaba1|5633",2
"1099","BBA_05635","Beaba1|5635",2
"1100","BBA_05637","Beaba1|5637",1
"1101","BBA_05645","Beaba1|5645",3
"1102","BBA_05646","Beaba1|5646",4
"1103","BBA_05655","Beaba1|5655",2
"1104","BBA_05656","Beaba1|5656",2
"1105","BBA_05662","Beaba1|5662",2
"1106","BBA_05664","Beaba1|5664",3
"1107","BBA_05666","Beaba1|5666",3
"1108","BBA_05672","Beaba1|5672",1
"1109","BBA_05673","Beaba1|5673",3
"1110","BBA_05676","Beaba1|5676",3
"1111","BBA_05681","Beaba1|5681",3
"1112","BBA_05687","Beaba1|5687",3
"1113","BBA_05690","Beaba1|5690",2
"1114","BBA_05696","Beaba1|5696",4
"1115","BBA_05713","Beaba1|5713",2
"1116","BBA_05722","Beaba1|5722",2
"1117","BBA_05724","Beaba1|5724",1
"1118","BBA_05725","Beaba1|5725",1
"1119","BBA_05726","Beaba1|5726",3
"1120","BBA_05736","Beaba1|5736",4
"1121","BBA_05742","Beaba1|5742",3
"1122","BBA_05753","Beaba1|5753",4
"1123","BBA_05768","Beaba1|5768",3
"1124","BBA_05771","Beaba1|5771",2
"1125","BBA_05772","Beaba1|5772",2
"1126","BBA_05777","Beaba1|5777",1
"1127","BBA_05780","Beaba1|5780",1
"1128","BBA_05782","Beaba1|5782",3
"1129","BBA_05784","Beaba1|5784",2
"1130","BBA_05785","Beaba1|5785",1
"1131","BBA_05791","Beaba1|5791",3
"1132","BBA_05794","Beaba1|5794",2
"1133","BBA_05795","Beaba1|5795",2
"1134","BBA_05801","Beaba1|5801",2
"1135","BBA_05807","Beaba1|5807",1
"1136","BBA_05811","Beaba1|5811",1
"1137","BBA_05814","Beaba1|5814",1
"1138","BBA_05817","Beaba1|5817",2
"1139","BBA_05818","Beaba1|5818",2
"1140","BBA_05819","Beaba1|5819",2
"1141","BBA_05834","Beaba1|5834",1
"1142","BBA_05836","Beaba1|5836",2
"1143","BBA_05837","Beaba1|5837",3
"1144","BBA_05843","Beaba1|5843",2
"1145","BBA_05849","Beaba1|5849",2
"1146","BBA_05851","Beaba1|5851",3
"1147","BBA_05853","Beaba1|5853",1
"1148","BBA_05856","Beaba1|5856",2
"1149","BBA_05864","Beaba1|5864",3
"1150","BBA_05866","Beaba1|5866",4
"1151","BBA_05872","Beaba1|5872",1
"1152","BBA_05878","Beaba1|5878",3
"1153","BBA_05879","Beaba1|5879",1
"1154","BBA_05883","Beaba1|5883",1
"1155","BBA_05884","Beaba1|5884",1
"1156","BBA_05885","Beaba1|5885",1
"1157","BBA_05898","Beaba1|5898",1
"1158","BBA_05899","Beaba1|5899",3
"1159","BBA_05900","Beaba1|5900",3
"1160","BBA_05916","Beaba1|5916",1
"1161","BBA_05921","Beaba1|5921",2
"1162","BBA_05923","Beaba1|5923",1
"1163","BBA_05924","Beaba1|5924",3
"1164","BBA_05926","Beaba1|5926",2
"1165","BBA_05930","Beaba1|5930",2
"1166","BBA_05948","Beaba1|5948",1
"1167","BBA_05950","Beaba1|5950",1
"1168","BBA_05959","Beaba1|5959",1
"1169","BBA_05962","Beaba1|5962",1
"1170","BBA_05978","Beaba1|5978",3
"1171","BBA_05991","Beaba1|5991",1
"1172","BBA_05993","Beaba1|5993",1
"1173","BBA_05994","Beaba1|5994",1
"1174","BBA_05996","Beaba1|5996",2
"1175","BBA_05998","Beaba1|5998",2
"1176","BBA_06003","Beaba1|6003",4
"1177","BBA_06010","Beaba1|6010",3
"1178","BBA_06011","Beaba1|6011",1
"1179","BBA_06014","Beaba1|6014",1
"1180","BBA_06015","Beaba1|6015",2
"1181","BBA_06017","Beaba1|6017",1
"1182","BBA_06019","Beaba1|6019",4
"1183","BBA_06027","Beaba1|6027",1
"1184","BBA_06031","Beaba1|6031",1
"1185","BBA_06036","Beaba1|6036",3
"1186","BBA_06046","Beaba1|6046",3
"1187","BBA_06054","Beaba1|6054",3
"1188","BBA_06056","Beaba1|6056",1
"1189","BBA_06059","Beaba1|6059",3
"1190","BBA_06066","Beaba1|6066",1
"1191","BBA_06071","Beaba1|6071",1
"1192","BBA_06074","Beaba1|6074",1
"1193","BBA_06078","Beaba1|6078",1
"1194","BBA_06080","Beaba1|6080",2
"1195","BBA_06083","Beaba1|6083",1
"1196","BBA_06089","Beaba1|6089",3
"1197","BBA_06092","Beaba1|6092",1
"1198","BBA_06097","Beaba1|6097",2
"1199","BBA_06123","Beaba1|6123",1
"1200","BBA_06127","Beaba1|6127",1
"1201","BBA_06129","Beaba1|6129",2
"1202","BBA_06141","Beaba1|6141",1
"1203","BBA_06142","Beaba1|6142",2
"1204","BBA_06148","Beaba1|6148",3
"1205","BBA_06151","Beaba1|6151",1
"1206","BBA_06155","Beaba1|6155",4
"1207","BBA_06159","Beaba1|6159",1
"1208","BBA_06160","Beaba1|6160",1
"1209","BBA_06164","Beaba1|6164",1
"1210","BBA_06171","Beaba1|6171",1
"1211","BBA_06173","Beaba1|6173",4
"1212","BBA_06175","Beaba1|6175",3
"1213","BBA_06184","Beaba1|6184",2
"1214","BBA_06187","Beaba1|6187",1
"1215","BBA_06190","Beaba1|6190",1
"1216","BBA_06191","Beaba1|6191",2
"1217","BBA_06196","Beaba1|6196",1
"1218","BBA_06221","Beaba1|6221",1
"1219","BBA_06222","Beaba1|6222",1
"1220","BBA_06227","Beaba1|6227",1
"1221","BBA_06229","Beaba1|6229",2
"1222","BBA_06237","Beaba1|6237",3
"1223","BBA_06238","Beaba1|6238",2
"1224","BBA_06239","Beaba1|6239",4
"1225","BBA_06241","Beaba1|6241",1
"1226","BBA_06246","Beaba1|6246",1
"1227","BBA_06247","Beaba1|6247",1
"1228","BBA_06248","Beaba1|6248",2
"1229","BBA_06258","Beaba1|6258",1
"1230","BBA_06260","Beaba1|6260",1
"1231","BBA_06262","Beaba1|6262",2
"1232","BBA_06269","Beaba1|6269",2
"1233","BBA_06273","Beaba1|6273",1
"1234","BBA_06274","Beaba1|6274",1
"1235","BBA_06276","Beaba1|6276",2
"1236","BBA_06277","Beaba1|6277",2
"1237","BBA_06278","Beaba1|6278",3
"1238","BBA_06281","Beaba1|6281",2
"1239","BBA_06282","Beaba1|6282",2
"1240","BBA_06283","Beaba1|6283",3
"1241","BBA_06293","Beaba1|6293",4
"1242","BBA_06301","Beaba1|6301",1
"1243","BBA_06303","Beaba1|6303",4
"1244","BBA_06304","Beaba1|6304",4
"1245","BBA_06305","Beaba1|6305",2
"1246","BBA_06308","Beaba1|6308",1
"1247","BBA_06309","Beaba1|6309",3
"1248","BBA_06318","Beaba1|6318",2
"1249","BBA_06333","Beaba1|6333",2
"1250","BBA_06340","Beaba1|6340",1
"1251","BBA_06346","Beaba1|6346",1
"1252","BBA_06354","Beaba1|6354",2
"1253","BBA_06356","Beaba1|6356",4
"1254","BBA_06373","Beaba1|6373",1
"1255","BBA_06377","Beaba1|6377",1
"1256","BBA_06378","Beaba1|6378",1
"1257","BBA_06380","Beaba1|6380",1
"1258","BBA_06381","Beaba1|6381",3
"1259","BBA_06386","Beaba1|6386",1
"1260","BBA_06387","Beaba1|6387",4
"1261","BBA_06389","Beaba1|6389",3
"1262","BBA_06397","Beaba1|6397",3
"1263","BBA_06419","Beaba1|6419",2
"1264","BBA_06420","Beaba1|6420",2
"1265","BBA_06424","Beaba1|6424",1
"1266","BBA_06450","Beaba1|6450",3
"1267","BBA_06451","Beaba1|6451",1
"1268","BBA_06457","Beaba1|6457",1
"1269","BBA_06459","Beaba1|6459",2
"1270","BBA_06462","Beaba1|6462",1
"1271","BBA_06471","Beaba1|6471",2
"1272","BBA_06479","Beaba1|6479",2
"1273","BBA_06480","Beaba1|6480",1
"1274","BBA_06486","Beaba1|6486",1
"1275","BBA_06496","Beaba1|6496",2
"1276","BBA_06497","Beaba1|6497",3
"1277","BBA_06501","Beaba1|6501",4
"1278","BBA_06503","Beaba1|6503",4
"1279","BBA_06505","Beaba1|6505",1
"1280","BBA_06509","Beaba1|6509",2
"1281","BBA_06510","Beaba1|6510",2
"1282","BBA_06512","Beaba1|6512",2
"1283","BBA_06516","Beaba1|6516",2
"1284","BBA_06517","Beaba1|6517",3
"1285","BBA_06520","Beaba1|6520",1
"1286","BBA_06525","Beaba1|6525",2
"1287","BBA_06529","Beaba1|6529",3
"1288","BBA_06530","Beaba1|6530",3
"1289","BBA_06538","Beaba1|6538",4
"1290","BBA_06547","Beaba1|6547",1
"1291","BBA_06553","Beaba1|6553",1
"1292","BBA_06560","Beaba1|6560",1
"1293","BBA_06561","Beaba1|6561",1
"1294","BBA_06567","Beaba1|6567",1
"1295","BBA_06571","Beaba1|6571",1
"1296","BBA_06572","Beaba1|6572",3
"1297","BBA_06575","Beaba1|6575",1
"1298","BBA_06584","Beaba1|6584",2
"1299","BBA_06586","Beaba1|6586",2
"1300","BBA_06597","Beaba1|6597",1
"1301","BBA_06607","Beaba1|6607",4
"1302","BBA_06609","Beaba1|6609",1
"1303","BBA_06621","Beaba1|6621",1
"1304","BBA_06628","Beaba1|6628",1
"1305","BBA_06629","Beaba1|6629",3
"1306","BBA_06630","Beaba1|6630",4
"1307","BBA_06640","Beaba1|6640",2
"1308","BBA_06647","Beaba1|6647",1
"1309","BBA_06649","Beaba1|6649",1
"1310","BBA_06650","Beaba1|6650",1
"1311","BBA_06652","Beaba1|6652",1
"1312","BBA_06659","Beaba1|6659",1
"1313","BBA_06662","Beaba1|6662",3
"1314","BBA_06664","Beaba1|6664",1
"1315","BBA_06666","Beaba1|6666",1
"1316","BBA_06667","Beaba1|6667",1
"1317","BBA_06675","Beaba1|6675",3
"1318","BBA_06683","Beaba1|6683",2
"1319","BBA_06687","Beaba1|6687",1
"1320","BBA_06688","Beaba1|6688",2
"1321","BBA_06689","Beaba1|6689",1
"1322","BBA_06694","Beaba1|6694",2
"1323","BBA_06696","Beaba1|6696",1
"1324","BBA_06701","Beaba1|6701",2
"1325","BBA_06715","Beaba1|6715",1
"1326","BBA_06718","Beaba1|6718",1
"1327","BBA_06732","Beaba1|6732",3
"1328","BBA_06738","Beaba1|6738",2
"1329","BBA_06744","Beaba1|6744",1
"1330","BBA_06748","Beaba1|6748",4
"1331","BBA_06750","Beaba1|6750",3
"1332","BBA_06754","Beaba1|6754",1
"1333","BBA_06755","Beaba1|6755",2
"1334","BBA_06756","Beaba1|6756",2
"1335","BBA_06757","Beaba1|6757",4
"1336","BBA_06765","Beaba1|6765",3
"1337","BBA_06776","Beaba1|6776",1
"1338","BBA_06778","Beaba1|6778",3
"1339","BBA_06779","Beaba1|6779",4
"1340","BBA_06782","Beaba1|6782",3
"1341","BBA_06786","Beaba1|6786",1
"1342","BBA_06789","Beaba1|6789",4
"1343","BBA_06790","Beaba1|6790",3
"1344","BBA_06794","Beaba1|6794",3
"1345","BBA_06798","Beaba1|6798",1
"1346","BBA_06802","Beaba1|6802",1
"1347","BBA_06817","Beaba1|6817",2
"1348","BBA_06819","Beaba1|6819",3
"1349","BBA_06826","Beaba1|6826",1
"1350","BBA_06839","Beaba1|6839",3
"1351","BBA_06844","Beaba1|6844",2
"1352","BBA_06847","Beaba1|6847",2
"1353","BBA_06848","Beaba1|6848",1
"1354","BBA_06849","Beaba1|6849",1
"1355","BBA_06852","Beaba1|6852",4
"1356","BBA_06856","Beaba1|6856",3
"1357","BBA_06857","Beaba1|6857",3
"1358","BBA_06861","Beaba1|6861",1
"1359","BBA_06870","Beaba1|6870",3
"1360","BBA_06879","Beaba1|6879",1
"1361","BBA_06889","Beaba1|6889",2
"1362","BBA_06893","Beaba1|6893",2
"1363","BBA_06896","Beaba1|6896",2
"1364","BBA_06899","Beaba1|6899",1
"1365","BBA_06902","Beaba1|6902",2
"1366","BBA_06906","Beaba1|6906",3
"1367","BBA_06907","Beaba1|6907",1
"1368","BBA_06930","Beaba1|6930",2
"1369","BBA_06934","Beaba1|6934",1
"1370","BBA_06943","Beaba1|6943",2
"1371","BBA_06951","Beaba1|6951",2
"1372","BBA_06954","Beaba1|6954",1
"1373","BBA_06956","Beaba1|6956",4
"1374","BBA_06963","Beaba1|6963",1
"1375","BBA_06967","Beaba1|6967",2
"1376","BBA_06972","Beaba1|6972",4
"1377","BBA_06976","Beaba1|6976",1
"1378","BBA_06981","Beaba1|6981",2
"1379","BBA_06990","Beaba1|6990",1
"1380","BBA_06992","Beaba1|6992",1
"1381","BBA_07000","Beaba1|7000",2
"1382","BBA_07003","Beaba1|7003",1
"1383","BBA_07009","Beaba1|7009",1
"1384","BBA_07012","Beaba1|7012",4
"1385","BBA_07016","Beaba1|7016",1
"1386","BBA_07022","Beaba1|7022",4
"1387","BBA_07025","Beaba1|7025",1
"1388","BBA_07028","Beaba1|7028",2
"1389","BBA_07029","Beaba1|7029",1
"1390","BBA_07031","Beaba1|7031",2
"1391","BBA_07038","Beaba1|7038",2
"1392","BBA_07048","Beaba1|7048",2
"1393","BBA_07050","Beaba1|7050",1
"1394","BBA_07056","Beaba1|7056",4
"1395","BBA_07073","Beaba1|7073",2
"1396","BBA_07075","Beaba1|7075",1
"1397","BBA_07076","Beaba1|7076",3
"1398","BBA_07079","Beaba1|7079",3
"1399","BBA_07090","Beaba1|7090",1
"1400","BBA_07096","Beaba1|7096",3
"1401","BBA_07124","Beaba1|7124",1
"1402","BBA_07126","Beaba1|7126",3
"1403","BBA_07127","Beaba1|7127",2
"1404","BBA_07130","Beaba1|7130",2
"1405","BBA_07137","Beaba1|7137",1
"1406","BBA_07151","Beaba1|7151",1
"1407","BBA_07152","Beaba1|7152",2
"1408","BBA_07154","Beaba1|7154",1
"1409","BBA_07160","Beaba1|7160",1
"1410","BBA_07162","Beaba1|7162",4
"1411","BBA_07165","Beaba1|7165",2
"1412","BBA_07169","Beaba1|7169",4
"1413","BBA_07170","Beaba1|7170",2
"1414","BBA_07172","Beaba1|7172",2
"1415","BBA_07176","Beaba1|7176",2
"1416","BBA_07193","Beaba1|7193",2
"1417","BBA_07196","Beaba1|7196",1
"1418","BBA_07199","Beaba1|7199",4
"1419","BBA_07208","Beaba1|7208",2
"1420","BBA_07210","Beaba1|7210",1
"1421","BBA_07218","Beaba1|7218",4
"1422","BBA_07225","Beaba1|7225",2
"1423","BBA_07226","Beaba1|7226",1
"1424","BBA_07232","Beaba1|7232",1
"1425","BBA_07240","Beaba1|7240",4
"1426","BBA_07246","Beaba1|7246",2
"1427","BBA_07249","Beaba1|7249",1
"1428","BBA_07255","Beaba1|7255",2
"1429","BBA_07260","Beaba1|7260",1
"1430","BBA_07261","Beaba1|7261",2
"1431","BBA_07275","Beaba1|7275",3
"1432","BBA_07286","Beaba1|7286",2
"1433","BBA_07298","Beaba1|7298",1
"1434","BBA_07304","Beaba1|7304",1
"1435","BBA_07306","Beaba1|7306",3
"1436","BBA_07307","Beaba1|7307",3
"1437","BBA_07311","Beaba1|7311",1
"1438","BBA_07327","Beaba1|7327",1
"1439","BBA_07330","Beaba1|7330",3
"1440","BBA_07335","Beaba1|7335",1
"1441","BBA_07346","Beaba1|7346",4
"1442","BBA_07357","Beaba1|7357",1
"1443","BBA_07366","Beaba1|7366",2
"1444","BBA_07375","Beaba1|7375",2
"1445","BBA_07378","Beaba1|7378",1
"1446","BBA_07388","Beaba1|7388",1
"1447","BBA_07389","Beaba1|7389",3
"1448","BBA_07398","Beaba1|7398",3
"1449","BBA_07400","Beaba1|7400",1
"1450","BBA_07401","Beaba1|7401",1
"1451","BBA_07402","Beaba1|7402",1
"1452","BBA_07403","Beaba1|7403",1
"1453","BBA_07428","Beaba1|7428",1
"1454","BBA_07433","Beaba1|7433",2
"1455","BBA_07436","Beaba1|7436",2
"1456","BBA_07438","Beaba1|7438",1
"1457","BBA_07439","Beaba1|7439",2
"1458","BBA_07445","Beaba1|7445",1
"1459","BBA_07454","Beaba1|7454",1
"1460","BBA_07464","Beaba1|7464",1
"1461","BBA_07465","Beaba1|7465",1
"1462","BBA_07466","Beaba1|7466",2
"1463","BBA_07483","Beaba1|7483",1
"1464","BBA_07484","Beaba1|7484",1
"1465","BBA_07490","Beaba1|7490",1
"1466","BBA_07501","Beaba1|7501",2
"1467","BBA_07514","Beaba1|7514",4
"1468","BBA_07518","Beaba1|7518",1
"1469","BBA_07522","Beaba1|7522",3
"1470","BBA_07547","Beaba1|7547",1
"1471","BBA_07556","Beaba1|7556",3
"1472","BBA_07563","Beaba1|7563",4
"1473","BBA_07573","Beaba1|7573",1
"1474","BBA_07575","Beaba1|7575",1
"1475","BBA_07577","Beaba1|7577",2
"1476","BBA_07580","Beaba1|7580",2
"1477","BBA_07592","Beaba1|7592",1
"1478","BBA_07598","Beaba1|7598",3
"1479","BBA_07603","Beaba1|7603",1
"1480","BBA_07607","Beaba1|7607",3
"1481","BBA_07608","Beaba1|7608",1
"1482","BBA_07609","Beaba1|7609",3
"1483","BBA_07620","Beaba1|7620",4
"1484","BBA_07636","Beaba1|7636",1
"1485","BBA_07640","Beaba1|7640",2
"1486","BBA_07641","Beaba1|7641",1
"1487","BBA_07653","Beaba1|7653",1
"1488","BBA_07659","Beaba1|7659",1
"1489","BBA_07660","Beaba1|7660",1
"1490","BBA_07661","Beaba1|7661",1
"1491","BBA_07674","Beaba1|7674",2
"1492","BBA_07702","Beaba1|7702",1
"1493","BBA_07708","Beaba1|7708",1
"1494","BBA_07709","Beaba1|7709",1
"1495","BBA_07711","Beaba1|7711",1
"1496","BBA_07713","Beaba1|7713",1
"1497","BBA_07714","Beaba1|7714",3
"1498","BBA_07715","Beaba1|7715",1
"1499","BBA_07719","Beaba1|7719",1
"1500","BBA_07722","Beaba1|7722",1
"1501","BBA_07724","Beaba1|7724",2
"1502","BBA_07726","Beaba1|7726",1
"1503","BBA_07728","Beaba1|7728",2
"1504","BBA_07738","Beaba1|7738",4
"1505","BBA_07744","Beaba1|7744",2
"1506","BBA_07769","Beaba1|7769",4
"1507","BBA_07783","Beaba1|7783",1
"1508","BBA_07784","Beaba1|7784",1
"1509","BBA_07787","Beaba1|7787",3
"1510","BBA_07788","Beaba1|7788",1
"1511","BBA_07791","Beaba1|7791",2
"1512","BBA_07792","Beaba1|7792",4
"1513","BBA_07798","Beaba1|7798",1
"1514","BBA_07819","Beaba1|7819",2
"1515","BBA_07822","Beaba1|7822",1
"1516","BBA_07823","Beaba1|7823",1
"1517","BBA_07828","Beaba1|7828",3
"1518","BBA_07831","Beaba1|7831",1
"1519","BBA_07837","Beaba1|7837",1
"1520","BBA_07841","Beaba1|7841",1
"1521","BBA_07846","Beaba1|7846",1
"1522","BBA_07858","Beaba1|7858",1
"1523","BBA_07862","Beaba1|7862",2
"1524","BBA_07864","Beaba1|7864",4
"1525","BBA_07865","Beaba1|7865",1
"1526","BBA_07877","Beaba1|7877",3
"1527","BBA_07881","Beaba1|7881",1
"1528","BBA_07891","Beaba1|7891",1
"1529","BBA_07893","Beaba1|7893",1
"1530","BBA_07908","Beaba1|7908",1
"1531","BBA_07918","Beaba1|7918",1
"1532","BBA_07920","Beaba1|7920",2
"1533","BBA_07921","Beaba1|7921",1
"1534","BBA_07922","Beaba1|7922",1
"1535","BBA_07933","Beaba1|7933",2
"1536","BBA_07940","Beaba1|7940",2
"1537","BBA_07951","Beaba1|7951",2
"1538","BBA_07955","Beaba1|7955",3
"1539","BBA_07959","Beaba1|7959",2
"1540","BBA_07966","Beaba1|7966",1
"1541","BBA_07968","Beaba1|7968",1
"1542","BBA_08015","Beaba1|8015",1
"1543","BBA_08016","Beaba1|8016",2
"1544","BBA_08019","Beaba1|8019",1
"1545","BBA_08023","Beaba1|8023",3
"1546","BBA_08024","Beaba1|8024",2
"1547","BBA_08025","Beaba1|8025",2
"1548","BBA_08029","Beaba1|8029",4
"1549","BBA_08032","Beaba1|8032",4
"1550","BBA_08036","Beaba1|8036",2
"1551","BBA_08040","Beaba1|8040",1
"1552","BBA_08043","Beaba1|8043",2
"1553","BBA_08049","Beaba1|8049",4
"1554","BBA_08056","Beaba1|8056",2
"1555","BBA_08064","Beaba1|8064",2
"1556","BBA_08066","Beaba1|8066",4
"1557","BBA_08070","Beaba1|8070",3
"1558","BBA_08072","Beaba1|8072",1
"1559","BBA_08074","Beaba1|8074",1
"1560","BBA_08075","Beaba1|8075",4
"1561","BBA_08081","Beaba1|8081",1
"1562","BBA_08083","Beaba1|8083",1
"1563","BBA_08091","Beaba1|8091",3
"1564","BBA_08093","Beaba1|8093",1
"1565","BBA_08097","Beaba1|8097",4
"1566","BBA_08102","Beaba1|8102",1
"1567","BBA_08107","Beaba1|8107",1
"1568","BBA_08108","Beaba1|8108",1
"1569","BBA_08112","Beaba1|8112",3
"1570","BBA_08113","Beaba1|8113",1
"1571","BBA_08116","Beaba1|8116",1
"1572","BBA_08117","Beaba1|8117",1
"1573","BBA_08127","Beaba1|8127",1
"1574","BBA_08133","Beaba1|8133",2
"1575","BBA_08135","Beaba1|8135",1
"1576","BBA_08139","Beaba1|8139",2
"1577","BBA_08140","Beaba1|8140",1
"1578","BBA_08141","Beaba1|8141",1
"1579","BBA_08142","Beaba1|8142",1
"1580","BBA_08149","Beaba1|8149",1
"1581","BBA_08151","Beaba1|8151",2
"1582","BBA_08155","Beaba1|8155",4
"1583","BBA_08156","Beaba1|8156",4
"1584","BBA_08158","Beaba1|8158",3
"1585","BBA_08159","Beaba1|8159",2
"1586","BBA_08161","Beaba1|8161",1
"1587","BBA_08179","Beaba1|8179",1
"1588","BBA_08182","Beaba1|8182",2
"1589","BBA_08183","Beaba1|8183",2
"1590","BBA_08187","Beaba1|8187",1
"1591","BBA_08214","Beaba1|8214",1
"1592","BBA_08219","Beaba1|8219",2
"1593","BBA_08220","Beaba1|8220",1
"1594","BBA_08229","Beaba1|8229",2
"1595","BBA_08233","Beaba1|8233",3
"1596","BBA_08239","Beaba1|8239",2
"1597","BBA_08241","Beaba1|8241",1
"1598","BBA_08251","Beaba1|8251",1
"1599","BBA_08253","Beaba1|8253",1
"1600","BBA_08257","Beaba1|8257",1
"1601","BBA_08262","Beaba1|8262",1
"1602","BBA_08267","Beaba1|8267",1
"1603","BBA_08268","Beaba1|8268",3
"1604","BBA_08270","Beaba1|8270",3
"1605","BBA_08276","Beaba1|8276",1
"1606","BBA_08280","Beaba1|8280",2
"1607","BBA_08282","Beaba1|8282",3
"1608","BBA_08283","Beaba1|8283",1
"1609","BBA_08289","Beaba1|8289",1
"1610","BBA_08299","Beaba1|8299",3
"1611","BBA_08304","Beaba1|8304",1
"1612","BBA_08307","Beaba1|8307",1
"1613","BBA_08316","Beaba1|8316",1
"1614","BBA_08337","Beaba1|8337",3
"1615","BBA_08338","Beaba1|8338",1
"1616","BBA_08339","Beaba1|8339",2
"1617","BBA_08344","Beaba1|8344",1
"1618","BBA_08353","Beaba1|8353",2
"1619","BBA_08368","Beaba1|8368",1
"1620","BBA_08369","Beaba1|8369",1
"1621","BBA_08386","Beaba1|8386",4
"1622","BBA_08391","Beaba1|8391",1
"1623","BBA_08397","Beaba1|8397",1
"1624","BBA_08408","Beaba1|8408",1
"1625","BBA_08412","Beaba1|8412",4
"1626","BBA_08435","Beaba1|8435",1
"1627","BBA_08445","Beaba1|8445",2
"1628","BBA_08468","Beaba1|8468",3
"1629","BBA_08469","Beaba1|8469",1
"1630","BBA_08477","Beaba1|8477",1
"1631","BBA_08484","Beaba1|8484",4
"1632","BBA_08494","Beaba1|8494",3
"1633","BBA_08500","Beaba1|8500",4
"1634","BBA_08503","Beaba1|8503",1
"1635","BBA_08510","Beaba1|8510",3
"1636","BBA_08511","Beaba1|8511",3
"1637","BBA_08520","Beaba1|8520",1
"1638","BBA_08525","Beaba1|8525",1
"1639","BBA_08538","Beaba1|8538",2
"1640","BBA_08540","Beaba1|8540",3
"1641","BBA_08550","Beaba1|8550",2
"1642","BBA_08553","Beaba1|8553",4
"1643","BBA_08558","Beaba1|8558",1
"1644","BBA_08563","Beaba1|8563",3
"1645","BBA_08570","Beaba1|8570",4
"1646","BBA_08575","Beaba1|8575",2
"1647","BBA_08583","Beaba1|8583",2
"1648","BBA_08586","Beaba1|8586",1
"1649","BBA_08592","Beaba1|8592",4
"1650","BBA_08596","Beaba1|8596",2
"1651","BBA_08610","Beaba1|8610",4
"1652","BBA_08621","Beaba1|8621",2
"1653","BBA_08630","Beaba1|8630",2
"1654","BBA_08633","Beaba1|8633",3
"1655","BBA_08634","Beaba1|8634",2
"1656","BBA_08635","Beaba1|8635",1
"1657","BBA_08637","Beaba1|8637",4
"1658","BBA_08647","Beaba1|8647",1
"1659","BBA_08648","Beaba1|8648",1
"1660","BBA_08652","Beaba1|8652",1
"1661","BBA_08653","Beaba1|8653",1
"1662","BBA_08678","Beaba1|8678",2
"1663","BBA_08679","Beaba1|8679",3
"1664","BBA_08687","Beaba1|8687",2
"1665","BBA_08697","Beaba1|8697",1
"1666","BBA_08709","Beaba1|8709",3
"1667","BBA_08714","Beaba1|8714",3
"1668","BBA_08720","Beaba1|8720",4
"1669","BBA_08721","Beaba1|8721",4
"1670","BBA_08722","Beaba1|8722",2
"1671","BBA_08726","Beaba1|8726",3
"1672","BBA_08735","Beaba1|8735",2
"1673","BBA_08736","Beaba1|8736",2
"1674","BBA_08741","Beaba1|8741",1
"1675","BBA_08743","Beaba1|8743",1
"1676","BBA_08745","Beaba1|8745",1
"1677","BBA_08746","Beaba1|8746",1
"1678","BBA_08760","Beaba1|8760",4
"1679","BBA_08761","Beaba1|8761",4
"1680","BBA_08765","Beaba1|8765",3
"1681","BBA_08774","Beaba1|8774",1
"1682","BBA_08781","Beaba1|8781",1
"1683","BBA_08790","Beaba1|8790",1
"1684","BBA_08791","Beaba1|8791",1
"1685","BBA_08793","Beaba1|8793",2
"1686","BBA_08807","Beaba1|8807",4
"1687","BBA_08808","Beaba1|8808",1
"1688","BBA_08809","Beaba1|8809",1
"1689","BBA_08815","Beaba1|8815",2
"1690","BBA_08818","Beaba1|8818",3
"1691","BBA_08824","Beaba1|8824",1
"1692","BBA_08827","Beaba1|8827",1
"1693","BBA_08829","Beaba1|8829",1
"1694","BBA_08833","Beaba1|8833",1
"1695","BBA_08837","Beaba1|8837",3
"1696","BBA_08838","Beaba1|8838",2
"1697","BBA_08853","Beaba1|8853",2
"1698","BBA_08859","Beaba1|8859",2
"1699","BBA_08864","Beaba1|8864",1
"1700","BBA_08867","Beaba1|8867",4
"1701","BBA_08876","Beaba1|8876",2
"1702","BBA_08877","Beaba1|8877",2
"1703","BBA_08878","Beaba1|8878",1
"1704","BBA_08879","Beaba1|8879",4
"1705","BBA_08880","Beaba1|8880",1
"1706","BBA_08885","Beaba1|8885",4
"1707","BBA_08891","Beaba1|8891",2
"1708","BBA_08895","Beaba1|8895",3
"1709","BBA_08912","Beaba1|8912",1
"1710","BBA_08938","Beaba1|8938",4
"1711","BBA_08942","Beaba1|8942",1
"1712","BBA_08945","Beaba1|8945",3
"1713","BBA_08961","Beaba1|8961",1
"1714","BBA_08965","Beaba1|8965",1
"1715","BBA_08973","Beaba1|8973",1
"1716","BBA_08974","Beaba1|8974",1
"1717","BBA_08975","Beaba1|8975",1
"1718","BBA_08992","Beaba1|8992",2
"1719","BBA_08996","Beaba1|8996",4
"1720","BBA_09008","Beaba1|9008",4
"1721","BBA_09031","Beaba1|9031",2
"1722","BBA_09054","Beaba1|9054",3
"1723","BBA_09056","Beaba1|9056",1
"1724","BBA_09063","Beaba1|9063",4
"1725","BBA_09080","Beaba1|9080",1
"1726","BBA_09085","Beaba1|9085",1
"1727","BBA_09086","Beaba1|9086",1
"1728","BBA_09091","Beaba1|9091",3
"1729","BBA_09092","Beaba1|9092",3
"1730","BBA_09094","Beaba1|9094",2
"1731","BBA_09098","Beaba1|9098",1
"1732","BBA_09107","Beaba1|9107",1
"1733","BBA_09111","Beaba1|9111",1
"1734","BBA_09119","Beaba1|9119",2
"1735","BBA_09125","Beaba1|9125",3
"1736","BBA_09136","Beaba1|9136",2
"1737","BBA_09138","Beaba1|9138",2
"1738","BBA_09140","Beaba1|9140",1
"1739","BBA_09151","Beaba1|9151",2
"1740","BBA_09160","Beaba1|9160",3
"1741","BBA_09180","Beaba1|9180",3
"1742","BBA_09183","Beaba1|9183",1
"1743","BBA_09213","Beaba1|9213",1
"1744","BBA_09240","Beaba1|9240",2
"1745","BBA_09248","Beaba1|9248",4
"1746","BBA_09252","Beaba1|9252",2
"1747","BBA_09254","Beaba1|9254",4
"1748","BBA_09264","Beaba1|9264",3
"1749","BBA_09274","Beaba1|9274",1
"1750","BBA_09277","Beaba1|9277",1
"1751","BBA_09279","Beaba1|9279",3
"1752","BBA_09284","Beaba1|9284",1
"1753","BBA_09287","Beaba1|9287",2
"1754","BBA_09306","Beaba1|9306",1
"1755","BBA_09322","Beaba1|9322",1
"1756","BBA_09330","Beaba1|9330",2
"1757","BBA_09355","Beaba1|9355",1
"1758","BBA_09374","Beaba1|9374",1
"1759","BBA_09379","Beaba1|9379",1
"1760","BBA_09383","Beaba1|9383",2
"1761","BBA_09387","Beaba1|9387",3
"1762","BBA_09392","Beaba1|9392",1
"1763","BBA_09409","Beaba1|9409",4
"1764","BBA_09410","Beaba1|9410",2
"1765","BBA_09411","Beaba1|9411",2
"1766","BBA_09412","Beaba1|9412",2
"1767","BBA_09413","Beaba1|9413",2
"1768","BBA_09417","Beaba1|9417",4
"1769","BBA_09426","Beaba1|9426",1
"1770","BBA_09447","Beaba1|9447",2
"1771","BBA_09448","Beaba1|9448",2
"1772","BBA_09468","Beaba1|9468",1
"1773","BBA_09471","Beaba1|9471",2
"1774","BBA_09474","Beaba1|9474",2
"1775","BBA_09486","Beaba1|9486",1
"1776","BBA_09487","Beaba1|9487",1
"1777","BBA_09490","Beaba1|9490",2
"1778","BBA_09502","Beaba1|9502",1
"1779","BBA_09507","Beaba1|9507",2
"1780","BBA_09513","Beaba1|9513",1
"1781","BBA_09524","Beaba1|9524",3
"1782","BBA_09545","Beaba1|9545",3
"1783","BBA_09580","Beaba1|9580",2
"1784","BBA_09581","Beaba1|9581",2
"1785","BBA_09583","Beaba1|9583",1
"1786","BBA_09596","Beaba1|9596",1
"1787","BBA_09598","Beaba1|9598",3
"1788","BBA_09599","Beaba1|9599",3
"1789","BBA_09637","Beaba1|9637",3
"1790","BBA_09643","Beaba1|9643",2
"1791","BBA_09652","Beaba1|9652",4
"1792","BBA_09656","Beaba1|9656",1
"1793","BBA_09658","Beaba1|9658",4
"1794","BBA_09661","Beaba1|9661",1
"1795","BBA_09680","Beaba1|9680",1
"1796","BBA_09688","Beaba1|9688",1
"1797","BBA_09694","Beaba1|9694",1
"1798","BBA_09706","Beaba1|9706",3
"1799","BBA_09714","Beaba1|9714",2
"1800","BBA_09725","Beaba1|9725",3
"1801","BBA_09729","Beaba1|9729",2
"1802","BBA_09738","Beaba1|9738",3
"1803","BBA_09751","Beaba1|9751",1
"1804","BBA_09759","Beaba1|9759",2
"1805","BBA_09760","Beaba1|9760",2
"1806","BBA_09774","Beaba1|9774",1
"1807","BBA_09790","Beaba1|9790",1
"1808","BBA_09794","Beaba1|9794",1
"1809","BBA_09795","Beaba1|9795",2
"1810","BBA_09816","Beaba1|9816",1
"1811","BBA_09819","Beaba1|9819",1
"1812","BBA_09823","Beaba1|9823",2
"1813","BBA_09825","Beaba1|9825",1
"1814","BBA_09851","Beaba1|9851",2
"1815","BBA_09852","Beaba1|9852",2
"1816","BBA_09855","Beaba1|9855",1
"1817","BBA_09864","Beaba1|9864",1
"1818","BBA_09870","Beaba1|9870",2
"1819","BBA_09871","Beaba1|9871",3
"1820","BBA_09873","Beaba1|9873",2
"1821","BBA_09880","Beaba1|9880",1
"1822","BBA_09882","Beaba1|9882",1
"1823","BBA_09883","Beaba1|9883",4
"1824","BBA_09885","Beaba1|9885",3
"1825","BBA_09886","Beaba1|9886",4
"1826","BBA_09890","Beaba1|9890",1
"1827","BBA_09901","Beaba1|9901",1
"1828","BBA_09921","Beaba1|9921",1
"1829","BBA_09926","Beaba1|9926",3
"1830","BBA_09932","Beaba1|9932",3
"1831","BBA_09947","Beaba1|9947",3
"1832","BBA_09956","Beaba1|9956",1
"1833","BBA_09970","Beaba1|9970",1
"1834","BBA_09971","Beaba1|9971",2
"1835","BBA_09972","Beaba1|9972",4
"1836","BBA_09975","Beaba1|9975",1
"1837","BBA_09976","Beaba1|9976",1
"1838","BBA_09979","Beaba1|9979",4
"1839","BBA_09980","Beaba1|9980",3
"1840","BBA_09983","Beaba1|9983",1
"1841","BBA_09990","Beaba1|9990",2
"1842","BBA_09992","Beaba1|9992",3
"1843","BBA_10013","Beaba1|10013",1
"1844","BBA_10016","Beaba1|10016",2
"1845","BBA_10020","Beaba1|10020",2
"1846","BBA_10027","Beaba1|10027",1
"1847","BBA_10033","Beaba1|10033",2
"1848","BBA_10052","Beaba1|10052",2
"1849","BBA_10089","Beaba1|10089",1
"1850","BBA_10090","Beaba1|10090",1
"1851","BBA_10111","Beaba1|10111",1
"1852","BBA_10116","Beaba1|10116",1
"1853","BBA_10117","Beaba1|10117",1
"1854","BBA_10119","Beaba1|10119",3
"1855","BBA_10138","Beaba1|10138",1
"1856","BBA_10142","Beaba1|10142",1
"1857","BBA_10143","Beaba1|10143",3
"1858","BBA_10177","Beaba1|10177",1
"1859","BBA_10178","Beaba1|10178",1
"1860","BBA_10198","Beaba1|10198",1
"1861","BBA_10204","Beaba1|10204",1
"1862","BBA_10210","Beaba1|10210",4
"1863","BBA_10212","Beaba1|10212",3
"1864","BBA_10247","Beaba1|10247",1
"1865","BBA_10263","Beaba1|10263",3
"1866","BBA_10272","Beaba1|10272",2
"1867","BBA_10290","Beaba1|10290",2
"1868","BBA_10303","Beaba1|10303",1
"1869","BBA_10315","Beaba1|10315",2
"1870","BBA_10337","Beaba1|10337",2
"1871","BBA_10338","Beaba1|10338",2
"1872","BBA_10347","Beaba1|10347",1
